twitter_id	party
819992522109894658	R
212262370	R
888031054141022209	R
842072478834909184	R
836305915452272641	R
11522502	R
18906561	R
956283913835614208	R
935148134505828353	R
828613457020870657	R
819980276570976256	R
988573326376427520	R
826065858548133888	R
799764016885329921	R
1024390184090181633	R
862405301693296640	R
818910970567344128	R
939091	D
15007149	D
1076899938	D
129928278	D
3290070855	R
821446682860732416	D
821763194372943872	D
4797361833	D
788075094711107584	D
19682187	D
17856665	D
821769014691168256	D
30043495	D
1031591	D
423966076	D
820830366713991168	R
1530850933	D
2328937074	R
1615463502	D
279036722	D
1541518434	D
2962891515	R
2916086925	D
76452765	R
3018670151	D
76649729	R
2964287128	R
233842454	R
85689484	R
3609064098	R
2929491549	R
818975124460335106	R
603083228	R
1074518754	D
816131319033950208	R
93965901	R
1089334250	R
303633791	D
202206694	R
19929362	R
239949176	D
1531521632	D
133832049	D
950783972	D
815241612154417152	R
2962868158	D
816652616625168388	R
26051676	R
2485713498	R
148006729	R
249410485	D
110545675	R
278145569	R
2965083477	R
15954997	D
278124059	D
4049197462	D
21269970	R
558769636	D
15808765	D
5558312	R
2964877294	R
231108733	D
19926675	R
17996269	R
2279098645	R
243418245	R
237299871	R
1074101017	R
823552974253342721	D
24768753	D
44251742	D
20467163	R
2862577383	R
234812598	R
817138492614524928	R
15751083	R
21157904	R
1092979962	D
432676344	D
2253968388	R
22545491	R
117501995	D
193794406	R
75785294	D
816157667882373120	D
1222257180	D
109071031	D
249787913	D
199325935	D
2973870195	R
18030431	R
776664410	D
171598736	D
55677432	R
756123897783808000	D
231510077	D
237750442	R
17800215	R
98471035	R
193732179	D
462143773	D
23201727	D
240812994	D
584912320	D
163570705	D
23725826	R
555474658	R
19407835	R
162069635	D
23124635	R
1058256326	R
1060487274	R
19726613	R
838462994	R
2933760046	R
295685416	R
78445977	D
138770045	D
1074412920	R
15324851	D
22523087	D
73303753	R
13218102	R
815985039485837312	D
811313565760163844	D
245451804	D
484129385	R
968650362	R
85396297	D
28267055	R
600463589	R
233693291	R
38970940	D
111635980	D
1074480192	R
210926192	D
14904437	R
787373558	D
2853309155	R
26057209	R
11651202	R
742735530287304704	R
789244177	D
993153006	R
432771620	D
252249233	D
28599820	D
426028646	D
140519774	D
995193054	D
21346398	R
242376736	R
487297085	R
2968007206	D
235312723	R
137794015	D
37094727	R
2970279814	D
153944899	D
216503958	D
3353670647	R
39249305	D
1058520120	D
234022257	R
38520853	R
1883356866	R
815952318487298048	R
247334603	D
14135426	D
2914515430	R
164007407	D
291756142	R
2856787757	R
249348006	D
817076257770835968	D
854715071116849157	R
1060984272	D
90639372	D
17896154	R
815931811348017152	R
378631423	D
806583915012046854	R
323490669	R
816303263586914304	R
16056306	R
235190657	R
237312687	R
18805303	R
1080509366	D
16256269	R
1077121945	D
171968009	D
153486399	D
26637348	D
818948638890217473	R
815966620300480514	R
2966570782	D
88806753	D
235217558	R
818460870573441028	R
3420965229	R
234822928	R
72198806	D
22055226	R
2371339658	D
818536152588238849	D
819744763020775425	R
37920978	R
240760644	R
431105217	D
237348797	R
432895323	R
161743731	R
10615232	R
2951574214	R
29766367	R
190328374	R
156333623	D
378584930	D
234057152	R
28602948	D
2976606250	R
1908143071	R
36948268	D
235373000	D
23712174	R
960962340	R
30354991	D
237763317	R
946549322	D
2433737761	D
262756641	R
1068499286	D
183062944	D
460376288	D
266133081	R
18566912	R
19168067	R
242926427	R
2975091705	R
33576489	D
843636970538618880	R
2953974395	R
31611298	D
92186819	D
382791093	R
1058460818	R
811986281177772032	R
266719387	D
935033864	R
334894942	D
233949261	R
237814920	R
1305596696	R
2963445730	R
262192574	R
7270292	R
78403308	R
22509548	R
80612021	D
815733290955112448	D
467823431	D
1635375612	R
100884451	R
168502762	D
24745957	D
103761467	R
233737858	R
61553835	R
1010616057932013571	D
941080085121175552	D
26778110	R
18166778	R
976969338	R
172858784	D
581141508	D
2966765501	R
232992031	D
935368364	R
1339931490	D
710820198606106624	R
816683274076614656	R
1055907624	D
816298918468259841	D
816282029276938240	D
1045110018	D
1058917562	D
112740986	D
18277655	R
48117116	R
219429281	R
33537967	D
456636692	R
814179031956488192	D
1058717720	D
317386234	R
24905240	D
246341769	R
3686482216	R
1069124515	R
855240223432769538	D
584012853	R
613725908	R
18909919	D
225921757	R
404132211	D
50452197	D
15394954	R
2863006655	D
818472418620608512	D
242836537	D
248735463	D
88784440	R
34715823	R
25781141	D
801255835	R
29450962	D
3044993235	D
1009269193	D
510516465	D
267938462	D
1444015610	R
2914163523	R
343171266	R
1055730738	D
221792092	D
242772524	R
1849261916	R
368472546	D
19318314	D
130901013	D
2962994194	R
258900199	D
1072467470	D
234374703	D
23976316	R
21406834	D
1240107944	R
975200486	R
814103950404239360	R
38254095	D
19394188	R
15428227	R
16160352	D
26424123	R
50152441	R
516880804	D
1249982359	R
816181091673448448	D
242426145	D
27676828	R
240427862	R
385429543	D
482450423	D
963480595	R
103868633	R
18695134	D
1051127714	D
29201047	D
18268819	R
2696643955	R
2964526557	R
22669526	D
18632666	R
977247448820305920	D
248495200	D
1060370282	R
18061669	R
150078976	D
796183515998068736	D
2685397856	R
293131808	D
161411080	D
442824717	D
20597460	D
2930635215	R
114388293	R
1055685948	D
3122099613	D
880480631108644864	R
23600262	D
344972339	R
808416682972770304	D
342863309	D
20053279	R
299883942	R
31801993	D
2861616083	R
796736612554117120	D
74508260	D
216881337	R
89001820	R
1155335864	D
38978018	R
15764644	D
2863210809	R
20552026	D
459755446	R
236511574	D
1135486501	D
115676070	D
14984637	D
950328072	R
2724095695	R
309070309	D
74198348	R
2932617195	R
15361570	D
18915145	R
25086658	R
155669457	D
829782369670410240	R
56864092	D
3026622545	R
806906355214852096	D
2847221717	R
486694111	D
252819323	R
2337241560	R
2970462034	D
1058345042	R
267854863	D
1096059529	R
75364211	R
69086398	D
17976923	R
52503751	R
550401754	R
33977070	R
19139963	R
17544524	R
816111677917851649	R
23970171	R
14275291	R
4749863113	D
3537275536	R
1155212191	R
2955485182	R
834069080	R
479872233	D
246769138	R
15745368	R
1089859058	D
305620929	D
305216911	D
2966758114	R
828977216595849216	R
18916432	R
13491312	D
926446070812602371	D
312134473	D
1499993378	R
364415553	D
1480852568	R
1209417007	R
1067541214671577093	D
24195214	D
47747074	D
29501253	D
1071840474	D
20545793	D
17494010	D
229197216	R
110755266	R
272465994	D
161791703	D
217543151	R
851621377	R
33563161	D
986781648	R
24735461	R
381152398	D
109287731	D
154139987	D
21111098	R
30216513	D
15600527	R
365922043	R
20747881	D
18696134	D
63169388	D
58928690	D
296245061	R
1289319271	R
181621546	R
15856366	R
47724293	D
41417564	R
818713465653051392	D
24913074	D
20113797	D
109579534	R
1072008757	R
211420609	R
15141113	R
2891210047	R
816705409486618624	D
942156122	D
1037321378	D
9115312	R
515822213	D
82453460	D
18967498	R
303861808	D
1137590713	R
296361085	R
912608010	R
22195441	R
242873057	R
17907578	D
84119348	D
26062385	R
236279233	D
19936673	R
51228911	R
60828944	D
124224165	R
36676406	R
18137749	D
1260172386	D
1074129612	D
1083448909	D
164369297	D
193872188	D
1051446626	R
237862972	R
32010840	R
2966205003	R
1065995022	R
2327941633	R
85726335	D
7429102	D
970207298	D
115979444	D
36686040	D
2968451607	D
1058051748	R
281540744	R
1410590874	D
518644221	R
2852998461	R
242555999	D
264219447	R
533324996	D
1077446982	R
234014087	D
254082173	R
46184745	R
234469322	R
2382685057	R
250188760	D
234763384	D
252819642	R
1071900114	R
314205957	R
802612183209111552	D
234128524	R
2750127259	R
827258161841135623	R
25073877	R
813286	D
1339835893	D
409486555	D
1002004819429744643	R
708180492466520065	D
2752601	D
5496932	R
2448449669	R
886466075071787008	D
22528309	R
996612221781323776	D
1138688364	R
55329156	R
5693842	R
39510422	R
21643769	R
854194394856964096	D
14344823	R
14377605	D
154591966	R
14090977	D
761783018	D
734914091886600192	D
18981785	R
1322558402	R
2413913117	D
987042459602620417	R
920282726577704960	D
989529922531201024	D
1056634891901767680	D
1020562647123660800	D
1091165628642267137	R
1053459700690358272	D
1067148449513115649	R
942582714871484417	D
2281243921	D
11134252	R
75367781	R
1080986167003230208	D
1063916328443097089	D
898565402346827779	D
961488077880471557	D
896250527666798593	R
983873721285869568	D
45671898	D
619513369	R
851592128555831296	D
943974193246425088	D
985614567568003072	R
1066416946923622400	D
1080642228404539392	R
1071133524080644097	D
73238146	D
558294779	R
842450609055784961	D
2293131060	D
14731096	D
301549400	R
787718832391647232	R
801111943775973376	D
23103488	R
994713337974816768	D
1137600571	R
995931227155783680	D
282093902	R
41445718	R
946058601679990784	D
7334402	D
991119776922550272	R
59869729	D
114756202	R
798007536125431808	D
822510633434435584	R
812079680027316229	D
1088493443440009216	R
3227568906	D
827279765287559171	R
10840862	R
1855761260	R
1082925858019569664	R
936754297420898304	R
900197797403791362	R
941719279875100678	R
15207668	R
337472827	D
114896223	R
213634439	R
896405345752559616	R
2231717384	R
234573331	R
63262233	D
2313285170	D
922152518	D
944417993290928128	D
985676885911916544	R
1566650000	D
35295035	D
450351092	D
1002958863174422529	R
1021208979513454597	D
1014270306507247616	D
1046079171842191363	D
14676022	D
42692687	D
1041461384	R
1131917492	R
35139868	D
945464376999456768	R
78369108	R
239964567	R
4888777115	D
224391627	R
19739126	R
2387964511	R
724989244272300034	R
962167821848412160	D
3122123479	R
42701629	D
43963249	D
22508473	R
944574141432201216	D
795430789571837952	D
812026450614321153	R
817520066086469634	D
2863469625	D
953041598727716864	R
3009647720	D
972600780137140224	D
816719802328715264	R
964996994623311874	R
29537460	D
20288735	D
1090337514878050305	D
158364935	D
3301815594	R
746764441568456704	D
130496027	D
21878458	R
920689268997152773	R
937493450705924096	D
307173259	D
189224945	D
42924141	R
254392476	D
935143079866195968	D
983247178075398144	D
715538507767422976	R
746016845791174656	D
15939889	D
980941320758988801	D
964370474703597573	R
2437069422	R
890675418780618753	D
896857073278996481	R
234797704	R
785340777169903616	D
4203346932	D
772903942175031296	D
1079562374145867777	R
949680672418992128	D
1505926237	D
16424044	R
20192403	R
109280446	R
2828762322	D
885360811815968768	D
2711993649	D
4686667056	D
116505994	D
38477209	D
60644777	D
119250381	D
14466538	D
1209302581	D
1067170487862812672	D
19824430	D
280895414	D
28827600	D
776223244458360832	D
1080623468650135552	D
819227166281826306	D
1047609754695204867	D
912820513801633794	R
1072968977163452421	D
1063558558762106886	D
1081300313737494535	D
1024659600371417091	D
960897867618516998	D
900167283854671874	D
884426390577086468	D
18317325	R
798973032362606600	D
891492334998880262	D
1011810899756105735	D
1050127765582823434	R
1039598372901011468	D
15417358	D
3131097105	D
897860028778115073	R
620036125	R
15220768	D
165265445	R
52052011	D
1921155122	D
2391949368	D
260554812	D
17858623	D
3390324809	R
756521418108637184	D
817508541590343680	D
713704884487524352	R
2891432029	D
1134542942	D
26607712	D
3416539240	D
15335534	R
29376624	R
220954738	R
1569505399	R
18825339	D
963305548119662592	R
948934767633883136	R
1063184079808487424	D
486801537	D
752156893091598336	D
466583684	D
824634161604464640	D
829488695019442177	D
3741450375	D
741359482580635648	D
744367064224239617	D
820815922428514304	D
738785064138444802	D
823307952878653441	D
790644468210864130	R
821184438944010241	D
810894170894241793	R
4567679115	D
7356562	D
758426749084504068	R
474464413	R
1703575711	D
242761889	R
142721190	D
53936295	D
37666984	R
87818409	R
1028877279429124096	D
1375453357	D
784981972288319488	R
49316020	R
2479924610	R
14270650	D
35422404	D
1382973637	D
1959641286	R
263815367	D
79249609	D
754627936980873217	D
229966028	D
17596622	D
9109712	D
1705312470	D
3192406231	D
511426778	D
516538589	R
129974495	D
3295641825	R
16187637	R
236552443	R
974469173542903808	D
940563459154108416	R
761364511815114752	R
18907395	R
926031333284913152	D
935077441181065216	D
761728362410680321	R
940089663166881792	D
928047051996143616	R
793317970000748544	R
755291951524487168	R
942664511051276290	D
151519500	D
749240588	D
760349281421107202	R
884256416793370626	R
946750089556402178	R
29442313	D
896385294	R
27787539	D
233783568	D
17907987	D
940649143533559809	R
927495211034599425	R
1027386505554288641	D
860066920464130053	R
1029453097368805377	R
988018656792719360	D
463765807	D
996788511800995840	R
1081204299781287936	D
1078771401497161728	D
1067241429368483840	D
956303615697793024	R
1022719431443656704	R
858058412877328384	R
1036974408571727872	R
1018362135062163456	D
1037641521011535872	D
2273788212	D
23970102	R
120176950	R
389759292	D
221528389	D
4416766280	D
916318288984059905	R
938287017242308609	R
980743671946588161	R
1082998625028976641	D
1055947807813709825	R
948673825557884929	D
1065492476876730369	R
31310158	R
19186003	D
885588314	D
26657119	D
222953824	D
47694175	D
971864718905356290	D
163299688	D
3074490751	R
237781383	R
4147888522	R
15794574	R
841743634328367108	R
1213022616	R
1083195601859137536	D
250560922	R
1038188481808191488	D
731707740586790912	R
1037574099168415744	D
803900128163549184	R
2818671008	R
156156321	D
1024114261952319488	D
2097571	D
16122277	R
2341421484	D
754303411	R
882688452	R
18170310	D
33653195	D
425918923	D
990380498	R
2354921941	R
2842706390	D
3318301148	R
23085535	D
3197911524	R
23593446	D
3247210982	R
781588855279550464	R
3297739241	D
990478826	R
871567994358562816	R
1081267108313530368	R
1088621227957256192	D
1095462551087972352	D
876186217083273216	R
15483390	R
1070264057033359361	D
819914898201346049	R
1092850794544726017	R
4576952834	R
21922309	D
1561182734	D
1591755278	D
1035935856761208834	D
475988505	R
21398055	D
474350124	D
76350004	R
217219638	D
3313631802	R
174768699	R
2796520004	D
1531265618	D
890225238	R
471466600	D
335512180	D
3037250164	R
48759424	D
725077390859325440	D
584123010	D
26428035	D
835663119426932736	R
82657929	D
737788554	D
16908942	D
21119632	R
4711285394	R
14074515	R
2400830101	R
856889152234811392	R
21316253	R
266830495	D
326255267	D
17629860	R
17171111	D
2295071400	D
1176994477	D
419844105	D
529007279	D
21660348	R
3476612483	D
12272322	D
42795725	D
955108061802319872	D
285606624	R
254558964	D
1029702390	D
4871602937	D
1025159056497860608	R
1028097331004989440	R
1020301060882063360	R
734348794611916800	D
720872948987355136	R
700559207834083328	D
1029616677342699521	R
22053641	D
242418441	D
1039666659378618370	D
1042540247815315457	D
1032664640130408450	D
1032501022550155266	R
1015361195031683073	D
1003580723087826946	D
7684882	D
52544275	R
953650175075143680	D
136250134	R
110445334	R
853004497530089472	D
1018328659407429637	D
1057324097082978304	D
606372636	R
38503196	D
192955168	D
1917731	D
16827173	R
1027162928	R
237814577	R
112050993	D
262751028	R
58639157	D
47448886	D
995629118682087424	R
869702519634575360	D
1463173946	D
580404029	D
3112567619	R
862131450954514432	R
790205587858522112	R
892318161436983297	R
1000183531866210305	D
12763992	D
430130014	R
32506723	R
1128514404	R
15893354	D
3221668717	D
18776942	R
18891635	D
15450996	R
396739453	D
1081803649	D
53461892	R
945319008374607872	D
201147289	D
1044132873702436864	D
1091893256315695104	D
2900476829	D
229720993	D
193889186	R
1041384036046987264	R
617481127	D
214631349	D
1033001507363405824	R
1065584277050540032	R
1047207944197160960	R
1074023407489040384	D
1066890227489357824	D
15647676	R
840281366369583104	D
1092727994106429440	D
1041509380796104704	R
472089560	D
3812934616	R
235258843	R
3045376988	R
246088673	D
1855374306	D
16581604	D
21890023	D
20546536	R
17007608	D
16303106	R
402719755	R
720471054	D
2215134224	R
968629711814488064	D
1073804643967197184	D
2508243998	D
921707464084676608	D
2274411566	R
2902295600	D
3196240949	R
781534268	D
1018758206	D
21972031	D
32900164	D
3969745993	R
22217808	R
41842311	R
18646108	R
19268706	D
872846218648588288	D
4156294252	R
501220460	D
477086833	D
123880570	D
951645186727251968	D
734445744489402368	R
915203757549457408	D
1072928517208313856	D
1056617114335875072	D
921112508907294720	D
976645950046375936	D
977729666533462016	D
1018947385219780608	R
1733035142	R
1012727063093088257	R
959114940295581697	R
18678924	D
18810000	D
1068500113	D
1080587263132733442	D
1076588636500561922	R
574784659	D
18891923	R
108889243	R
29459615	D
950085900268113926	R
1017819745880543238	D
1080534601548861446	R
2884771	D
916317607053135878	R
70141096	R
1061029050	D
2771371209	R
31425741	D
308233424	D
96273617	R
20776147	R
4149806296	R
499156188	R
251118812	D
112526560	D
1526465767	D
86213867	D
92079350	D
44401911	R
31180024	D
1262814457	D
3111535865	D
3245229309	R
815594651256135680	R
822215679726100480	R
223970563	R
744150240136044544	R
29115653	D
788946341460180992	D
835181308506578945	D
2316453127	R
836637815853064193	D
78431501	R
12354832	D
200295699	D
292111637	D
1649394974	R
892591294706352129	D
166675759	R
312722746	D
4568401212	D
14615871	D
459982145	R
21431618	D
17220934	D
28181835	D
977794687787466752	R
10126672	R
609453397	R
221447516	R
258508126	R
199804263	D
430343529	D
14189931	R
252364146	D
3135241	R
24069498	D
3065267579	R
31458684	R
3893593469	R
848122112527171584	D
713839291210792960	D
857638658597322752	D
2466153865	R
925192899700064256	R
755837742530035712	D
860888864965132288	R
1016612356464443392	R
22136209	D
2246198685	D
890719969129922561	D
1002433480402272257	R
1859618210	D
1011877210771415040	D
937723303	D
2973599157	R
2905228725	D
1344951	D
2960049591	R
29377976	D
138479037	D
14845376	D
67634628	D
108725703	R
114607567	R
1056776677206839297	R
2327083521	D
19039711	D
1635091945	R
254117355	D
45860332	D
477021679	D
32359921	R
90490354	R
1708328448	D
520078854	D
19187207	D
272221711	R
4253632032	D
63292966	D
74008104	D
20776497	R
2704951	R
900488595743625216	D
1045610687932846080	D
944596420325199872	D
980262193689186304	D
1006631073562939392	D
1012491999994368000	R
1079130419331780608	R
801523267	R
325830217	D
245777995	D
21251668	D
853606753925255169	D
1092611396041363457	D
990454040537518081	R
997478501442834433	D
1033764773698129921	R
21612122	D
1078094821011673089	D
1083712227159494657	R
54412900	R
3981411947	R
1093978175883890690	D
870723774391361536	D
2918696563	R
2773829237	R
969164408	D
1072317528364470272	D
872503975697895424	D
862477704251232256	D
980750368379424768	D
976505252299067392	R
948488266872967168	D
1083886392076324864	D
1067017835879256064	R
1028164088210313217	R
1087730162320461825	D
525731460	D
43910797	D
1018448949768802305	D
1011246062315687937	D
1071762487375220738	D
1011319071999184898	R
1043097266343563266	D
3001829008	D
15812243	D
125453969	D
988141762744078339	R
1029022256872214531	D
866256536	R
926049056064983043	D
1028854804087492613	R
870613151703814149	D
969596222125297669	R
83871389	R
131204770	R
2908685987	D
23578274	R
1026220450945355783	R
915016811241984007	D
916000489526972423	R
1008450025788198919	R
1024027606365007872	D
1059474004912664576	R
25101996	R
156763824	D
1060449426915749889	D
825271813462585345	D
14370498	R
4585506500	R
2703181514	D
961456456783495168	D
82167518	D
167511780	D
862981111416332288	D
2809628399	D
1043773985572495360	D
867096660094197760	R
1038689891218071552	D
896507710350532608	R
366282485	D
114050808	D
100648699	R
1072558820843380736	D
1056694672226050048	R
1030923597571743744	R
1059485606978314240	R
835420742082682880	D
1031145233860321281	D
723930040111521793	D
1043478332371689472	R
1066559700940939265	D
905818602733019137	D
1033537339883053059	R
3544123154	R
118245138	D
97273628	D
434669346	D
97503010	D
2217658149	R
227837742	R
2465810226	D
1071777608	D
14616404	D
180209492	D
136300373	R
20088666	D
258885469	D
59197277	D
257099628	D
151963505	D
314361724	D
640893	R
23496574	R
52070270	D
912480075257221120	D
240535441	R
1037397335297454080	R
877945953952690176	D
34113439	D
16271264	D
39307169	R
2173634470	R
1025040578482974720	R
26183601	D
860555190	D
16467895	D
2494334905	D
8128442	D
4927293370	R
29853627	D
3035465661	D
4656056250	D
17106884	D
454313925	R
2836421	D
33933259	D
743191319888134144	D
4359817165	D
46417885	D
33982431	R
2772961258	D
1081674799448014849	R
123504625	R
17369078	R
44615672	R
1061762305204064256	D
20957191	R
1059418993277222914	D
7702542	R
21301269	D
970481828447612928	R
97716250	R
1092044898092675072	D
95602718	D
182503471	D
27215923	D
3374237752	R
1041855937764450304	D
241207373	D
394741838	D
2165377104	D
1710999637	R
474974313	D
16664681	D
393562221	R
2803009652	R
1051396218	R
818928162449068032	R
802257786029674496	D
786346979450359808	R
802823361852280832	R
716842546576691200	R
820287311502053377	R
766008535943680001	D
812384135746621440	D
789200897687621634	R
796922442136621058	R
815201787649134593	D
1061292174	R
721209077569884161	D
715620316228292611	D
5392522	D
41814169	D
298109087	R
72665249	D
327862439	D
15386795	D
260409522	D
184387770	D
2820819131	D
951534868617420800	R
916319247252512768	R
963820794601201664	D
951433867159855104	R
1029313084417040384	R
3323513037	R
912352970548895745	R
971568343131021313	D
95799517	R
22366443	R
82151660	D
49481965	R
982747375	R
2616412399	D
2720860409	D
15976697	R
97536253	R
794103888693501952	D
774280933650276352	R
780582056132681728	D
757893380	D
18811140	R
786568723477897216	R
763398082272763904	D
17074440	R
781249885509066753	R
817768303405899776	R
168233227	R
882309192060518400	R
141084952	R
865749272	D
1154156828	R
339822881	R
15993122	D
281610530	R
54184226	D
300452134	D
18270503	D
428333	R
2246330670	R
20957491	R
1894451520	D
782079576893685760	D
2564491615	D
479856992	D
105220458	D
529631602	R
20498804	D
53807478	R
110004599	D
243337600	D
35768707	D
78694788	D
28576135	R
2432321929	D
407013776	D
19417492	D
322603418	D
21268897	D
105925025	D
816869611480186880	D
812165651544571904	D
557468072	R
15075753	R
396183977	D
53823932	R
3229256144	D
2880604626	D
21121491	D
399051233	D
80628196	D
134302187	D
104581611	D
254265838	R
242944499	D
106514937	D
14993917	D
15485441	D
20744708	D
414091784	D
136497672	D
21252618	D
50055701	R
165333528	R
2167097881	D
3005794872	R
367381050	D
248859211	D
2720860753	D
205392468	R
522373717	R
457984599	R
3883272792	D
3643705945	R
969034327	D
821620505983799296	R
974009666563952640	R
905210298554077184	D
1210468958	R
1011300052462161920	R
858842809922703360	D
983399485194850304	D
996571266000834560	R
3608955497	R
2282736236	D
998573295044874241	R
890649212664369153	R
1019634866198106112	R
1601391234	R
4833708675	D
816284664658874368	R
440404613	D
940773645105975296	D
1051926378269069312	R
997634609830645760	D
2964949642	R
919345133275009025	D
1009816327194890241	R
817402151672696833	D
824781238716289026	R
34310801	D
1049790537996390402	R
1550994062	D
844434325370261506	D
929097765162012675	R
935720686240354307	R
1015725333662879747	R
811374098802757636	D
819274840964288516	R
18958999	R
77777561	R
950126049924435973	D
15649433	R
15075999	R
196168350	R
1009487534391513094	D
1010591301111336966	D
4113746593	D
550488737	R
925839211714007047	D
1045724397477253127	D
757303975	D
15731368	R
933395494855987207	R
428657329	D
1077512893	D
169708221	D
33655490	R
303499980	R
74484430	R
73992920	D
41634520	D
978046066363916288	R
2418395880	D
249219716	R
24578794	R
2894711541	R
974865289140670464	D
783864636525338624	D
887467564510568448	R
1088717904743325696	D
763011247423971328	R
897862367354118144	R
1084566318399971328	R
1088340372734959616	R
909283627879456768	R
1093973996821897216	D
896843859950395392	D
778700700696010754	R
876225734901063682	R
748358222671601666	D
876383675289526273	R
747959527526457345	D
819992111407919104	D
309267226	R
17910554	D
1053260480414969856	D
30296864	D
47991586	D
1044246333438210048	D
16583468	D
103123762	R
22678323	D
4703767346	R
57625403	R
847907646	R
40553282	R
238684996	D
765550094930341888	R
806297133926248448	D
3472378697	D
150686538	D
968585096839168000	D
1065326335076311041	D
311495521	R
1070965792823500800	D
2606795621	D
22170482	R
865684971314331648	D
860983487947456512	D
4107717503	D
950650576391540736	D
372050829	D
1087558962256531456	D
936233786811076608	D
402820001	R
150433	R
2387397542	D
716508133233823744	D
122473388	D
1073974439581286400	R
1066349650712690688	D
22924208	D
414403516	D
1659341761	D
826111254007775232	R
114887629	D
18713552	D
45386712	D
16387036	R
46631906	R
124390376	D
18172905	R
15846407	D
46681100	R
2924137486	D
101862418	R
4230958101	D
528960539	D
846597156	D
44682276	R
15731751	R
1088162409527808000	D
983155474320232448	R
747853673917747200	D
948944429901058048	D
958907293000699904	R
1019540119395667968	R
1009827037568208896	D
1077150752508907520	D
22891564	D
3249966132	D
218975278	D
15174710	D
129879105	R
2881080385	R
934463342944620545	R
965266179836252161	D
1545456708	R
1082650161543811073	D
16337999	D
2550942810	D
2390494299	R
1071766620631109634	D
989221544881721346	R
893845112760918016	R
23022687	R
1064405659247009792	R
14240875	D
33717887	R
3307228287	R
959168459161702400	R
989677639358189568	R
1021148343815344128	R
1006942861873614848	D
985364927438360576	R
999553671724765184	R
876516739693121536	D
962407591887474688	R
965265182904782849	R
844244212170330114	D
910586279871614977	R
932940340281184258	D
877707740101185537	R
949973275429539843	D
849816664036315138	D
858741526628896770	D
997726684345503746	D
954012241212444675	D
93637779	R
974035654467358725	R
995872886425620485	D
16157855	R
36654245	R
39193773	R
2562231475	R
47402168	D
2934049983	R
2708081856	D
91000006	D
471616719	D
4438068433	R
139922653	D
48827616	D
2178600162	D
3885993200	R
929631167120252928	R
906225311569780736	R
893445461360615424	R
975422072414380032	D
894743966402322432	D
964062396573655040	R
887949542632562688	R
39308549	R
928347363705462785	D
967106350609178624	D
938012490604060674	R
915040831450488833	D
962202736199573505	D
7228682	R
130600206	R
961660635414110211	D
24431892	D
3434745111	D
153488664	R
229592356	D
16125224	R
14159148	D
106597684	R
21892405	D
175344949	R
3045952825	R
2362297668	R
2405403974	D
972564252442558464	R
960440766651760640	R
3109031241	D
1215712585	R
1007260107514707968	R
997608780	D
924290384	R
2369949012	D
3181464918	D
19418459	D
346197350	D
2841152873	D
22203756	R
632294767	R
1392282998	D
35474809	R
3239546234	R
42995067	D
1610976638	D
1367969154	R
18812301	D
527682964	R
3555888569	D
30313925	D
60919240	D
42159561	R
1928793552	R
4265299414	D
477498839	R
4320251358	R
25464300	D
597724655	D
1270205935	R
221793778	R
2357546482	D
197496309	R
64916983	D
60984835	R
236899846	R
1961872915	R
4561096213	D
14437914	D
889024437613457408	D
392810019	R
3699871288	D
2245840448	R
21220931	D
3063811661	R
1071402577	R
20713061	R
124620390	R
821530219	R
23121519	R
1049149471400120320	R
1016917818628100096	D
977327889908748288	D
997694455342944256	R
1002618337954877440	D
1093702547607638016	D
926941444098740224	R
939980190624763904	D
985879671047966720	R
1087032468094570496	D
959370863018758144	R
985872117005799424	D
937831028617629696	D
925495995856834560	D
1060727973136027648	D
3132198534	D
1013605848365649921	R
18845325	R
1031890412166959105	R
238259855	D
1082271928457613314	R
1080977961225015298	D
4126625418	D
1059928641277251586	D
14552725	D
1082695440632631299	D
928358899538972675	R
1015192140396351489	D
104615577	R
924679644472922117	R
987567363527606272	D
18812572	D
3260468893	D
1080584229510172678	D
1026324901593075718	D
56413858	R
984557068995776519	D
1383272101	D
924313276237991944	D
344247978	D
1008533176107651074	D
916005987332640770	D
44863150	R
91180720	D
2695663285	D
1021192197914464257	D
563842752	D
976556523018125312	D
61853389	R
109154001	R
286871259	D
194793181	D
166252256	R
146263776	R
141938406	R
44568304	D
126340848	R
888804929837682688	D
1880674038	D
718294776	D
89820928	D
1021807415749107712	R
958177098031554560	R
1015790154030637056	R
1026428347121786880	R
914510691830194176	R
978481541817950208	R
1091016424204656641	D
16289543	R
1010740219149148160	R
1076155290603610113	D
993361244076761089	R
947447414302040066	R
1052795411323281409	D
1075317813819072513	D
1088555213873602561	R
1014707277247533056	D
986892141816201216	R
21696279	D
981977660166258688	D
847909110490087424	D
14700316	D
1857621799	D
391275929	D
154144563	D
459738932	R
12160822	R
4165373779	D
919791746388815872	D
964507673210351616	R
28823395	D
382685028	D
1072653878934597632	D
937068907923468288	R
937685814041079808	R
17469289	R
807050308044156928	R
1001514395225255936	R
24252268	D
791236460	D
2749501298	R
946501532547248129	R
1072546983087403009	D
946106295765135361	R
1080459011668013057	D
21172098	D
21188483	R
1438699399	D
384913290	D
43814798	D
1101434768	D
44175251	D
824668307815100418	D
820354372827758592	D
3614609303	D
718851752775270400	R
823198950790492160	D
1319620506	D
830123244485230592	D
820378211674636288	R
315199389	D
825330080813563904	R
4214411169	D
50073507	D
871844558702866435	R
2462502834	R
4871147446	R
1661358008	D
323293114	R
83922884	R
2563493846	D
196415460	D
2284670948	D
983565478680518656	D
4564324333	D
261918703	R
3293155317	R
29216764	R
138203134	D
21467135	R
784051563551657984	R
771398005522042880	R
706049199851311104	D
792362567620497409	D
763612210786603008	R
805525386692005888	R
764195174276796417	R
774210460900003841	R
717325675598843905	D
951906012268761091	D
1045653382898290693	R
996556569369284613	R
1088396916004655110	D
1080198683713507335	D
120295432	R
217550862	D
47763466	R
1022513151982620683	D
1079487732504776716	D
2838302754	D
15224867	D
19107878	D
2355875878	R
989032240842706944	D
17469492	D
18616389	R
781912228203270144	R
3375878223	R
87593041	D
20697169	D
754225238	D
14962779	D
494522468	R
274518118	R
4774465640	D
190746731	D
51597423	R
1400803441	R
2438631546	R
1070814139998658560	D
1076872926782152704	D
999283123111190528	R
949626738425847808	D
1000811626759577600	D
1031163981661069312	R
28037249	D
11407502	D
885002383	D
136384661	R
1090348300740452353	R
19730589	D
517869727	D
144986277	R
125554853	D
17993906	D
236916916	R
807095	D
427069627	D
3383234759	D
146510023	R
1206227149	D
15110357	D
389648599	R
5820642	R
900927715	D
2382074094	R
23318768	R
4382920953	R
2471170298	D
999740843643887616	R
941000686275387392	D
1050542211178422272	R
788456667344150528	R
818024944474923008	D
712445650043019264	D
1077034739066986496	R
818554054309715969	R
767676247925202944	R
820279312754548736	R
826081742926782465	D
785996849857568768	D
808806107686772737	R
20517132	D
14717197	D
808726604352462849	D
336302351	D
700460959039627266	D
799068428	D
710877018477436930	R
751628284446777348	D
998827678668152833	R
1027646913083072513	D
2925646110	R
31494445	D
970333164878082048	R
1073687833246871552	D
904142359532843008	R
1035062687057752064	R
906270633671176192	D
259395895	D
1083348099223957504	D
1065464810496765952	R
1029576076756955136	D
2668761403	R
982683967	R
3222901063	R
85365067	R
994134197756407809	R
36294988	D
741937489	D
26792275	D
1094570340	D
3786166637	D
33919343	D
3211170171	R
190665083	R
917228112235999232	R
973630102310236160	D
894756095909965824	R
764209547300843520	R
982074446956474368	R
1002508675	R
702070061020753920	R
936787537401491456	R
702293272392118272	R
873667787624820736	D
785888414285443073	R
909304000314355713	D
955612442804891649	R
832796596030943233	D
961833905882935297	D
752408749977907202	D
964060397052375042	R
54202792	D
136122794	R
22565296	R
130617778	D
1068273911224094721	D
821858760	R
84365771	D
2197148110	R
756317937108221952	R
893194838274965504	D
862595691163648000	R
17011177	D
2898350569	D
1083986173259907072	R
811632636598910976	R
1076161611033968640	D
15356407	R
2999308793	D
1900220923	D
1048094278138953729	D
884090692129226753	D
890958789280759809	D
539513350	D
6017542	D
4801991177	D
47632905	D
49733381	D
203166229	R
860162047568478210	R
138809881	R
1088561426191581184	D
822526226623594496	R
157340209	R
2287063603	R
59331128	D
224285242	D
57807423	D
15766082	D
163598915	D
72831557	D
19616327	R
771187459195478016	R
755080162480300032	D
16028241	R
1556959830	D
137466464	D
14062180	D
1066209895	R
15159913	D
74125932	R
48517740	R
256905838	D
960696949	R
32985717	R
4346958467	R
15012486	D
4819538573	R
508777103	D
917264577028677632	R
1024233908295163904	R
49697450	D
32871086	D
124768944	D
2334462655	D
3963441859	R
2987414214	D
923389599098994688	D
9130702	R
976462716104790016	D
551195347	R
382178024	R
450941680	R
130945778	D
28906229	D
742143	R
734509116337577984	R
759890626276122624	D
840843612183224320	R
836718780768215040	D
739498595720781824	R
838144847714344960	R
788110870438109185	D
733792023812136961	D
831415272452022272	R
834096117302321154	R
837008898842320897	D
4644590352	D
3207172882	R
86364947	R
1050972096673837056	R
38982431	R
139596582	D
1080234189830742016	R
1859736366	D
3059028788	D
4218540853	D
1050259061055209472	R
999729410734342144	R
1088540377529761792	D
1058641208551981056	R
2249531	R
129684292	D
952750927	D
1041171737155518465	D
1027811951085142017	D
508040018	D
1075080722241736704	D
1617974101	R
338875236	D
1009406348222717952	D
170349414	D
50434933	R
48075643	D
1015501901465415680	D
75600769	D
1024777081119338496	R
1085577341487575040	R
1040460503565234176	D
1051662898357891072	R
1016007629435334656	D
1049404622152953856	D
1060607390658097153	D
822215673812119553	R
826609789643812865	R
1072134139560620033	D
1008922524338384897	D
1080288818530381826	R
2652885901	D
988859068747075584	R
40047509	D
166990746	R
2214499231	R
1085948203797606406	R
392205222	D
3009319852	R
754503553180467200	D
1286312880	D
23368627	D
15029174	R
1024723345273700352	D
1575769016	D
723865759567495168	D
27055034	D
1078707570448187392	D
1078355119920562176	D
169481149	D
1033812024319459328	D
19108808	R
1075517806551154689	D
878661592493248512	R
4903179228	R
836178925	R
123327472	D
17093617	D
211325945	R
145429499	D
37966845	R
1274778624	R
324342792	D
2276856842	R
219141142	D
21337115	D
1046398236129255424	D
1082918858778763264	R
717167947970535424	R
20796447	D
1029463197613318144	R
1032630146140758016	D
1087733092968685568	R
187241511	R
118756393	R
4088681525	D
2843300920	D
1536791610	D
161797179	D
399758408	D
19371082	D
873117952568041473	D
77272148	D
159093848	D
20436059	R
575411296	R
227152993	R
59888738	D
942014250784100352	R
949666842519506944	D
1005107968566857728	D
957480446606151680	R
4788950122	D
884901983664181248	R
962853533824552960	D
1010334663267815424	D
998338059367321600	D
140924022	D
974886008	R
895359490362675201	R
996094929733652481	R
922567758713425921	D
985967653708861441	D
951770796875288577	R
857083636834865153	R
18060426	D
2861487242	R
272110739	D
292656275	R
3573191833	D
3065746586	R
869663780912992258	D
896452004633088002	R
897665574620336130	R
974312610	D
419665061	R
2520569008	D
15684852	D
361600248	D
355063035	D
33690877	R
1064218770317680640	D
1092503735799029760	D
1092730137655812096	R
1086408577022074880	R
1072268967081844736	D
1084334214122741760	R
1093320025178546176	D
703628051402366976	D
1076236323185401856	R
1057776052397842433	R
1086055462359965697	R
1073885100394323969	D
1080516116395499522	D
63362311	R
1083409027336413187	D
1065688795532664835	D
1074103926205620229	D
892793715948781569	D
17995040	R
1081342999337017350	D
2546177319	R
20813112	D
44209472	R
25630016	D
4906947911	D
16930125	D
49698134	D
405738850	D
65131874	D
1645499760	D
26596727	R
785613501842632704	R
819359141281968128	R
756656325195509760	D
38081925	D
1010089248807059456	D
782792265005576192	R
805969436645568512	D
717171313224232961	R
917848415349899264	R
887022175466684416	D
789916780596604930	D
897543027698302976	D
764188537260388353	D
821011738640297987	D
966546829	R
155784594	D
17061263	R
20600214	D
37590426	R
2901120410	D
990550017722155009	R
867362410990010369	R
939504187460681729	R
979166048795623425	R
552048035	R
34018724	R
940977705897558017	D
747451312921509889	D
1019256296988528640	D
139515323	D
1033317945357684736	R
14226882	D
58676677	D
2199639494	R
59676104	D
2546406866	D
759251	D
1015368000617107457	R
170087899	D
1326487008	R
2988578278	R
16012783	D
26173184	R
16061946	R
1274975742	D
249288197	R
2321765910	R
122902039	D
63591960	D
14849562	D
16815644	R
81747719	D
15160884	R
18191927	D
977179660516773888	D
1070015689937833984	D
1029735935817207808	D
872820511738351616	D
923446370769489920	D
989019064654811136	R
968206123504422912	R
956577513240711168	R
1001187954524606464	R
924717529657954304	R
1960531530	D
1042778962307502080	R
958402632783155201	D
1066404925293383681	R
1030045942714650625	D
944915080797409281	R
964438367923523585	R
1069362160986411009	D
898735480661004289	D
999321631095967745	D
4787361373	R
3320469090	D
4721727075	R
859933430800293888	R
965580109439672320	R
333764208	D
966119585014456320	R
971401298800123904	D
977296654159159296	D
964989717363138560	D
191469176	D
277124730	D
240506490	D
234837632	R
953208333267214337	D
1900877454	D
1010721966750199808	R
1077229778296401920	D
1086890898770653184	D
427824806	D
1065868289866231808	D
1060597513080791040	D
4550874792	R
260396714	D
17454769	R
21059255	D
634721977	D
932906519783510016	D
16193222	R
983642440631504896	R
3025901266	D
3022362330	D
408917724	D
33314525	R
1164138210	D
1563285230	D
896769217390944256	R
915886043072798720	R
1066182742898089984	D
1021804125426786304	R
70866676	D
876535807	R
944377373650247680	R
1009164557309370368	D
922524726681067520	R
1028119346277703680	D
949549959585652736	R
1021647294289076224	R
1036817363591684096	D
993602086096003072	R
965602965586370560	R
943707376800161792	R
977994644394008577	D
1031467458232770561	D
1070690321313488897	R
1016841618412986369	R
2236520198	R
1009091627053408258	R
939116508634079234	R
967875800111439874	R
979464532899848194	D
2470549260	D
384456466	D
132339474	D
979079100848631808	R
947497408560291845	R
992737848125218821	R
1058024971010760709	D
998704917601771526	D
21010214	R
612128551	D
948256239296897032	D
15210284	D
13850422	D
136550204	D
897782557844045824	D
2989119311	R
832182096	D
3087767381	R
227088228	D
902270191870074880	R
310089574	D
211588974	D
28628850	R
3248066304	D
1057063450654863360	D
957491828948791296	R
963616538421948416	D
991435792915427328	D
954073249654042624	D
1053049027787288576	R
842779834484846592	D
167024520	D
1085721672970203136	D
935885055376814081	D
237770636	D
1045117371516514305	D
982180612088852482	D
1092764691829420033	D
940100029741592578	R
960483855386865666	R
25057168	D
463132556	D
561698705	D
596924306	D
136337303	D
1024413366364893184	D
892040740209127424	D
1059493915869376517	D
2294503326	R
142825377	D
1173411746	D
21829541	R
46176168	R
15210410	D
17487795	D
345315254	R
27744185	D
4819195834	R
109025212	D
34756550	R
26777550	R
19568591	D
72800207	D
1070056067822964736	D
1077261457975361536	R
343447512	R
36771809	R
706484195	R
44177383	D
2419267562	R
2164414442	R
247486443	D
239982574	R
237410291	D
415733754	D
3305527292	R
225826815	D
995586646417408000	D
727654598442356736	D
740573108717883392	D
809962176127660032	D
65493023	R
69703719	R
1064556584	R
14587949	R
39000115	D
438966325	D
9508922	R
124196924	R
1022516202881474560	D
24926288	D
22812754	D
26548315	D
4760000604	R
115710058	R
244832374	D
2573817976	R
20109439	D
14669951	R
17291393	D
3370244241	D
3903969432	R
160946337	R
3529414818	D
575658149	R
267196582	D
529045677	R
28137647	R
61364400	D
14173315	D
1618925754	D
3950041277	R
990389659883724800	R
988310339178651648	R
929346379889172480	R
1034418942767456256	R
938890878244020224	R
225024195	D
1015031781358231552	R
16259269	D
969999445470404608	R
1047842376293736448	R
1005538743548350465	R
123738314	D
274323664	D
265017558	D
972290886641049601	D
907404653503111169	R
978120337689862145	R
1015008426466926593	D
996469699457245185	D
2901088482	D
44783853	R
1011269903893061634	R
15931637	R
39344374	D
1613846774	R
434706682	R
734530082606358528	R
704211821784408064	D
94132483	R
728682204684034048	R
731132367058968576	D
748045259725283328	R
2652903691	D
716666101887868930	R
701190038546227202	D
746762137717121028	R
1072453910	D
41507094	D
19028248	R
16898332	D
20437286	D
250386727	D
2781813046	D
2785745208	D
14293310	D
595515713	D
3429914950	D
97474887	D
2727188811	D
61380942	R
71915856	R
18028893	R
17078632	R
15554922	D
1033689463	D
17881467	D
1258428798	D
972583165368807424	R
976166169861238784	D
973951028042215424	D
950412971095699456	R
967084459966148608	R
951159517957402624	D
998022545856081920	D
986299567632101376	R
832813644673003520	R
1005329946376482816	D
1017267901391253505	R
752906040258146305	R
989573137602785281	D
975092442541142018	D
972662205245108225	R
780747615742799874	R
1738594704	D
16669075	R
832672006113931269	R
131144091	D
140286364	D
20402945	D
263215519	D
14342564	D
813424923913912320	D
793212566965223424	D
797664863912886272	R
340793774	D
390519221	D
1396824516	R
2616433099	D
35625428	D
398088661	D
67820004	D
17471979	D
453319164	D
35002876	D
2869746172	R
389028352	R
291772936	R
847868208572801024	R
920979193034186752	R
42686991	D
231053845	D
621124127	D
771234337	R
760206989557243905	D
755867395957202945	D
874598354218393601	R
2478381612	R
571202103	D
2833275451	D
30874173	D
47438401	D
2945489474	R
129325634	D
4885436996	R
2587908686	D
1252317776	D
193927765	D
19847765	D
3309099607	R
2483214937	R
938954812120584192	R
1020612071589892096	R
989323365835034624	R
48175710	D
962393556454428672	R
966371327161618432	R
1006581620739100672	D
886938983644745728	D
952229056904384512	R
2895338077	R
91478624	R
2922928743	D
838064750	D
35773039	D
1008840317246853121	R
1047456204627333121	R
885878436950134785	D
824284131089666049	D
974881035237412865	D
930116162532364289	R
3739556474	D
954161284710354945	D
858713681701588993	R
35314302	R
1017097448127418370	D
3894303374	R
1062365552612724736	D
211901075	R
20109973	D
2471811736	R
1080315708574232576	R
8542882	R
19716781	D
476256944	D
21568177	D
183376564	R
3285883574	R
1075111045004324864	R
1012080435306754048	R
1061797611563184128	R
1068797310958628864	D
885891066485932032	D
22799750	D
953908023981953024	D
171154131	R
146676439	D
935942321756966912	R
4233501412	R
912249973747671040	R
1041609140253155328	R
27974377	D
4146895612	R
890381594170712064	D
754035737205628928	D
897881024570548224	D
860147055465029632	R
787736606195277824	R
766270955580776449	R
781536037227159552	D
899973280165224448	R
879410968966684672	D
1032559362	R
901475647025012737	R
896268937352142849	D
897489887758344194	D
3906181896	D
968665781448986624	D
1562385174	D
890984401869430789	D
892065721051734021	D
9214752	R
39279393	R
1086737138677440512	R
1025795692558802944	R
3308264244	R
1262099252	D
16030518	R
702011826947682304	D
250829636	R
815310506596691968	D
701096883670937600	R
32774989	D
50158414	D
636541776	R
16358225	D
1020058453	D
33364823	R
156703580	D
20536157	D
17980256	D
52976493	D
2936380274	R
963837033092333568	D
997835246178516992	R
953031599095922688	D
868261443866574848	D
914613279372197888	D
909177661104177152	R
828976997393068032	D
21027715	D
234937222	R
826227758829236225	D
3317799825	R
122280853	D
896816727769706496	D
786133844650921984	D
324049852	D
4134886335	D
77585369	D
3322534874	R
23993307	D
22387681	R
224320485	D
15309804	D
418683884	D
107125748	R
586013696	R
2701368327	R
331193355	D
960417927857164288	D
1079927729330573312	D
36953109	R
1067799230411083776	R
1079769536730140672	D
923148591782334464	D
1001564075199991808	R
1091100132735619072	R
927906270534864896	R
978925779894571008	R
998329476441346048	R
982371278928646144	R
1090037154368098304	D
16686144	D
379378754	R
1075811036534575105	R
1080762922970812417	D
1064441084753907713	R
5561412	D
2356993098	R
16045956	R
16129106	R
142040148	R
577903701	R
1044644336263061504	R
917254654676787200	R
41835618	D
580459623	D
30071917	R
116627847	D
2423413884	R
1598676096	D
19553409	R
357162119	D
1461214346	D
957775598062940160	D
947801277198512128	R
961342715873996800	D
637279382	R
976450557727485952	D
5741722	D
108993692	D
246357149	D
13393052	D
598839302	R
9624742	R
1720130736	R
101473458	D
3292191924	D
4598373560	R
616832186	D
20094138	R
4119741	D
18848969	D
3741310161	D
13524182	D
860521056179806208	D
2305187047	D
786771539182182401	R
906259570640773121	D
862146902594379777	R
1069489868299018240	D
1053022742562447360	D
1021975929810296832	D
879859337220562944	D
854149543356768257	R
876197706137575424	R
1031893175458308096	R
1066485789272547328	R
1044254971976458240	D
892122027980726273	D
864643184307183617	R
897212901215412225	D
912391586876727297	D
860600347764695042	D
907395640497512450	D
1047472014427136002	D
907738452858478595	R
4840463637	D
2907643158	D
912776466	D
905883166413660164	R
114547989	D
887087039463780352	D
1052631263042052101	D
1045012954935173126	D
4242824480	R
2356862240	D
8953122	D
2996395304	R
196173100	D
1055299132363964416	R
927646320126394368	D
1016023937405222912	R
1035581978702053376	R
2370985292	D
184311121	D
15113565	R
2155453790	D
65707359	D
1604230496	D
18963809	D
22650211	R
26533227	D
88268149	R
67378554	R
1074636758418042880	D
1080613358917758976	R
1061335793279545344	R
1084730661087326208	R
1054442588227350528	R
1080675976105799681	D
1023041911207079937	R
1067527675521118208	D
1225760131	R
840379491922849792	D
1079130300788092929	R
1059393031370027009	D
1080913947065167873	D
1076794823380676609	D
1077890051273502722	R
2359926157	R
1463229836	R
1036170166806097922	R
1052804130090102786	D
1045918465763160066	R
384392601	D
3111378333	D
269639071	D
4462763433	D
564338092	D
23928239	R
46570932	R
846405048	D
3418856892	D
17243582	D
360783298	R
831187740851109888	D
817113334885580800	R
138042829	D
79617490	R
163995093	D
151444950	R
47095259	D
3303710186	D
6577642	D
1367531	R
23911915	D
804429294	R
254205421	D
1393155566	D
582475251	R
62266869	R
415800822	D
493805045	R
895773323921051648	R
16309753	D
390274557	D
4921007615	R
152673801	R
1373625865	D
19914257	D
263216658	R
2266209812	D
45604374	D
22650398	R
2962923040	R
1016814724036681728	D
905416143313219584	D
4468547117	R
153919023	D
473226810	D
41180730	D
4054376009	R
56401482	R
38936142	R
292658767	D
1048359075153629184	R
1714249296	D
16703058	D
2970099285	D
609656409	D
28614262	R
11771512	D
1012852349507981312	R
1081615407042252800	D
1040953007104577536	R
1086036289894469632	D
1044256283497582592	R
1076847182031081472	D
1003895299834892288	R
960334160199143424	D
997518097799172096	D
1083956659951751168	D
40115842	R
2262277765	D
6577802	R
3762314892	R
1002481546790686721	D
1038215445281755137	R
1090356834593132545	R
1010595092250480641	D
3282378391	R
959852129224740865	D
15212187	R
104914594	D
17489571	D
299802277	D
1082078154276200448	R
150937255	R
1010899725539782656	R
1035206538212921346	R
1054381765224210432	R
1069313461526634496	D
1072653182730412032	R
302243505	D
115564212	D
955664190584360960	D
133439172	R
21307076	D
493641431	R
266952407	R
5988062	D
16244449	D
902495862533840896	D
2978291435	R
190095087	R
240393970	R
294084341	D
14606079	D
1094249677736808448	D
985838592248504320	D
964126603226898432	D
975229728302030848	D
916318622343225344	R
969171401113591808	R
1077891665153744896	D
1067065124228423680	D
1083495755829207041	R
977160605814743040	R
923986853140881409	D
1042045670633496577	R
1025980872401608705	R
1068950221680533505	R
988858920407130113	D
1078081710410162178	R
971070380701114370	D
1080539438508400642	D
1032651214876565506	R
1069636653353000962	D
1086302405447372800	D
319905552	D
150724371	D
3536887577	D
1090307904178216965	D
250912539	D
1001444622391042053	R
1080340059763761157	D
975834678086090752	R
1080875913926139910	D
933021397693227014	D
27762467	D
1337319204	R
71294756	D
766091047	R
307896106	D
17686316	D
17112878	D
21684013	D
508780335	D
3137331	R
93069110	D
18587457	D
2526535498	D
2217910093	R
153444178	D
905922319872401409	D
2431278930	D
18767699	D
781442912	D
66051937	D
954538696681943040	R
909786337397665792	D
885813180248846336	R
1063578493873778688	D
877310563751260160	R
1087728667361505280	D
2464849766	R
1000805778457063424	D
910724700174774272	R
402890617	D
153149305	R
1071101054551552001	D
975377999888609281	R
813798792021635073	R
917527279244374017	R
16129920	D
237477771	D
1061163663233634304	D
939142931763654658	D
982423122640072706	D
857319135893745666	R
1074161938945503234	D
1075104924751589378	D
797533594847768576	D
114548647	R
796524450627862529	D
1969774520	R
457940936	D
73981897	D
1004150913064370176	R
4175126476	R
3889749965	R
89776079	D
22831059	R
80617430	D
980218523006984192	R
426254327	R
21209087	R
1020463922548301824	D
988585010474246144	R
1020255963318837248	D
1048710339288883200	D
1079941578985299968	R
1083396920608022528	D
1013437197004038144	D
961770770375630848	D
980271181042540545	D
928635050140360705	D
1042405091968311297	D
1076287513310814210	R
1018121450874494980	R
1007220383584477189	D
1060911991135592454	D
291315723	R
785290291691388930	D
20733972	R
1030755682230956032	R
2680135712	R
26697768	R
15441965	D
3988971567	D
633692210	R
1058807868	R
3049922622	R
301064256	R
2286870597	R
811209419937746944	R
108617810	R
169058393	D
377774181	R
2967396457	D
14246001	R
43409523	D
15442036	D
12296312	R
23847032	R
918643696001736704	R
999726826959265792	D
948767521598988288	D
957248397307666432	R
16228479	D
1038775991747862528	D
2550505603	D
4872773759	D
1036727174219292672	R
963006390066339840	R
2250858631	R
1237999754	R
2616352909	D
20209807	R
33530012	D
3565248672	D
878141600	R
1674649771	D
766812376603602944	D
16031927	R
69181624	R
22012091	D
23945407	R
44409040	R
976131931262865408	D
104358108	D
7004382	D
2334613731	D
3310706916	D
18374883	R
554377448	R
1063579449017491456	D
1075541055376973824	R
1016923483606081536	D
1092591432622399488	D
1072180336061308928	R
3000606977	D
983666502753837056	D
926037095969447936	R
1062341219207077888	D
1686020359	R
1917706500	D
61317385	D
234053893	D
1060876430157012993	D
1066014633818054657	R
927596897648500737	R
1571660059	D
264036652	R
19734832	D
1078237304999895042	R
987422541303164928	R
1028783593772986368	R
1057391660684980224	D
884150728155115520	R
1030259390035701760	R
1009063518426017792	D
1065869935421861888	D
937122587678781440	R
18227519	D
1095672128	D
2437374271	D
16261445	D
1024306250656428033	D
1084090173024022529	R
984602049231892481	R
1082334352711790593	D
788126962988482560	D
1092952632904298497	D
76456274	D
1020292556691779585	R
1066304725547659265	R
396960085	R
337764690	D
1717002582	R
245408102	D
115745127	D
17883494	D
399303018	D
33923443	R
42688892	D
2347049341	D
2542575998	R
32399743	D
830838002825965568	D
833134621428690944	D
839213588090859520	D
833916872655515648	R
837780497300336640	R
834081571493785600	D
15458694	D
9855382	D
46703000	D
1072835176562970624	R
334520731	D
836641182	D
4923811	D
16097702	R
1412374951	R
26632615	D
3044352425	R
17539497	D
244375980	R
15901113	D
2246779321	D
1198924219	R
816587197	R
2712674750	D
4815266249	D
8839632	D
82649553	D
41066969	D
4012990937	D
336699870	D
1082023991349575680	D
819024618312925184	D
1039145697558364160	D
867183920609198080	D
769735977921380352	D
1080844782	D
2255182597	R
27812340	R
2964513276	D
50209279	R
1052896620797460481	D
850171110884655104	R
990553487824928768	R
996809783482007552	D
887409833019719680	R
30548485	D
905193279603359744	D
900348193854160897	R
801427927686676481	D
967838719267848192	D
962377009090281472	D
991678448471916546	D
947549692610494465	D
29270541	D
900977841885429761	R
973485588161511425	R
18719252	D
907239961	D
476209692	R
1016889928410718208	R
148529707	D
18129453	D
44196397	D
399958580	D
3070894649	R
2923749946	R
3179782716	D
18539072	R
1106501	D
2863833673	R
1438229082	R
189129306	D
321774180	D
51241574	D
49750631	R
12788332	R
4860060293	D
247341713	R
40116885	R
549479061	D
46817943	D
126722715	D
248963742	D
4235649700	R
19948202	R
2691637939	R
314335929	R
2356896442	R
218325695	D
234906311	R
4169425613	R
3042468558	D
356885203	R
82666208	D
1025111661982703616	D
388555493	R
21308157	D
1458856723	R
890991631863869440	R
3467518757	R
1056447349504073728	R
2598200102	D
861944263256358912	D
1072176412163883008	D
999895666422759424	D
1082515245526990848	D
1074387080501837824	D
21619519	D
818930496	D
973897703687061504	D
2736268110	R
236479311	D
991755246480179201	D
995847988747485185	R
243999570	D
845808831502270465	R
998164539974664193	R
245424983	D
3270452060	R
844117283433799680	R
14345062	D
4817855344	R
1045148163110293504	D
4040041341	R
1880105856	D
755592329977819136	D
721491879943106560	D
840408109063499776	R
782387698136936449	R
839978638858678273	R
782601903683301377	R
838197821639651329	D
15704971	D
836446562691739649	R
834504369118801922	D
835019421559189508	R
941792541955026944	D
2482119587	D
16081831	D
1088167376674271232	D
189195182	D
45966260	R
1090594282900209664	D
1093205534499586048	D
1083472286089396224	D
1084095033161203712	D
18686907	D
7152572	D
106816456	R
1039965398467264513	D
1030810326592307201	D
983662961288990720	R
34972633	D
1073301532597207042	R
16753660	D
745750941597466624	D
728534254028619776	D
724607157002338305	D
1712989190	R
12133382	D
1065028587755995136	R
15115280	D
2196923407	D
533177362	D
98477077	D
16032792	D
3253445657	D
989250878178816000	D
736231086615715840	D
15754281	D
175711277	D
3997246513	R
84665395	R
13493302	R
16245822	D
389391431	R
109159499	R
21111896	D
500704345	D
142009437	D
4212106335	R
29205600	D
1014989760069341184	R
978387751715442688	R
965459911026118656	D
881089028153643008	R
1014232338677600256	R
883606618025463808	D
20178030	D
910533668795551744	R
1004110433358417921	R
984816320922488833	D
971018735631962113	D
24192134	D
35218566	R
43426959	D
15164565	D
31122582	D
1013464036825075714	D
16032925	R
965970209311002626	D
839244997241233408	D
10691752	R
11347122	D
32007346	R
274080949	D
126198973	D
389014726	R
177759437	R
1000758002524172288	R
977076541434703872	D
975132832291958784	D
965570846709329920	R
19719380	D
19195094	D
17409240	R
3134973146	R
3853788379	D
557229283	R
586884328	R
361342191	D
390456560	D
244655353	D
23907460	D
2923373822	R
2179474688	R
899122149692014592	R
504734992	D
10102032	R
3130811675	R
3173491996	D
2306024744	R
2971772202	R
135931182	R
310076719	R
2269357362	D
207660339	D
2909775160	R
2411521538	D
86697288	D
18949452	R
214295899	R
402957663	D
18163042	R
3360613755	R
240526716	D
117138813	R
969646611591770112	R
1091928363680313344	R
979295212735475712	D
885571429110034432	R
954800263465971712	R
856646311134801920	R
906329587113701376	R
972318058630000640	R
783351085419331584	D
984808158559338496	R
975014080875507713	R
1002165576066838529	R
972200668185407489	D
992029406272073729	D
1075485397923311618	D
920731165069324290	D
933318935230984194	D
848168132334235650	D
1020521488145887234	D
1074427240266510339	D
888398486479220740	R
961017420877049860	D
1008779082656559109	R
1042857287151431685	D
849613767902146565	R
958363293223137285	R
1046263754911035397	R
1010237817232949249	R
1013558174903873541	R
999034948890787841	R
937400021179301889	R
897528843371675649	D
1000429245712216071	D
1065829151398158336	D
986618622045978625	R
625141159	R
3193021868	D
471672239	R
1080606780898586634	D
19359159	D
979087419499663360	D
125445568	D
13067732	D
2249975255	D
446490076	R
16311797	D
23848444	D
989431853143605248	D
989400576889765888	D
1067102118568312832	D
1025709630695981056	D
74294786	D
1014937565151936513	D
1019681796374446080	D
896083554228027393	D
1025472861056581632	D
903186035483394048	R
992018055705182209	D
79013388	R
1010750061796442113	D
1073703398405357569	R
1070733770892820481	D
1092992968137424898	D
839081968046227460	D
192308757	D
357606935	D
2667357720	D
1104078362	D
46016028	D
17065503	R
183215652	R
34022952	D
1649878568	D
998332081657794560	D
1067240465416769536	R
987442836558761984	D
1084812951620603904	R
875669124575318016	D
1002516440929456128	R
907233753793220608	R
923698579339923456	D
1029907508238929920	D
927284639366041601	D
933360648800620545	D
865954251981377537	D
1004219388399112193	R
970485918741221377	D
1051184164022702081	R
1089950773348323329	D
1047480991445602305	D
845538902	D
1028349582873382913	D
38495835	R
15689319	D
76949096	D
10069612	D
862383685194141698	R
977973880647163904	R
966740113504968704	R
70837868	D
976822977789534208	R
976640530372284418	R
2767300211	D
242607727	R
15918708	R
25159286	R
56714874	D
61220477	D
948945656869195776	D
1081566852	R
617784969	D
66266772	D
2984781465	D
14640793	D
18097821	D
1025517216	D
833055064151322624	D
1041068466491387904	D
1054177814528684032	D
1023049547310723072	R
940611656484302848	R
1022377493129506816	R
997430674343768064	R
208692908	D
239871673	R
283690626	R
410216127	R
244491970	D
16934597	D
310060754	D
837199578	R
977654306525601792	R
3277678308	D
908642702601986048	R
457123567	R
870435894247006208	R
854432550755999744	D
76654322	D
896520878997086208	D
49620730	D
14730894	R
1515235069	D
69773058	R
1673275142	D
430434055	D
2421122833	D
54208274	D
10168082	R
172779289	D
158426909	D
15689503	D
949813594803396608	D
545613615	D
2835621685	R
247621434	R
1335895868	D
906782533	D
1877831	D
925460175489728512	D
2559223628	R
38266703	R
863284428218486784	R
909503457664618496	D
883945907414290432	R
965285434732498944	D
939380437989801984	D
16000856	D
40871785	R
2836227947	R
20522862	D
271918959	D
1089005424	D
821279688899358720	R
820202290346913792	D
706880980079013888	D
804874798379757568	R
775864345448345600	D
784902020885049344	R
22980482	D
3376162691	D
830958813650022400	R
819281672881500162	R
827314972522901506	D
772343634616127488	D
818909579400638467	D
16050065	D
1024842926617251840	D
928168646123196416	R
2893965204	R
996987803975249920	R
2842503070	R
1017420038171648000	R
786143508939673601	R
830128820447539208	R
564340661	D
2954766268	D
3132401609	R
733751245	R
2467791	D
1058105276841279488	R
844601832135671808	D
58042349	R
280569848	D
8775672	R
3226413052	D
231177222	D
24881152	D
927793168459825152	D
929500317967777792	D
741746297854558208	R
954798286132543488	R
1049702458476265472	R
1030350188055953408	D
991372246634528768	R
736407021558235136	R
703814933406875648	R
1066415983164719104	D
980109142911156225	D
1054543929033424897	R
1086705067606999041	D
947910072742510593	D
930610406917210114	D
1087068045363707906	D
347449356	D
1074711530170548226	R
1123461139	R
108193814	D
36890646	D
45049885	R
2176854047	R
442296361	D
1064123783609548801	D
1180379185	R
41363507	R
1114859575	D
16017475	D
3928352835	R
401795146	D
97806414	D
1862150240	D
1042393195	R
17918065	R
132278386	D
600991865	R
10774652	R
364423298	D
1707321486	D
14870670	D
5695632	D
7039122	R
4833618073	R
235251868	R
388343967	R
11856032	D
16967845	D
108619944	D
228747444	D
961647489232330752	D
1057069239759200256	R
1009431293778649088	D
1015630297990356992	R
1002592436277927936	D
1061729258337394688	D
955943554123227136	R
564111558	D
1031307525889646593	R
1061298168544026625	R
1037762722216206337	D
1051872325472280577	R
1007066123370684417	R
925604524408102913	R
1015539389890486273	D
990262093436870657	R
1000666085044183041	D
314779877	D
1050076557191000064	R
14313724	D
76966145	D
55355654	D
256600333	D
873998606	D
43919633	R
832940312	R
15116570	R
383248671	D
1574201635	R
50325797	D
9300262	D
1451092266	R
2175772972	D
1874045232	D
53176629	D
24193334	D
3397462329	D
11348282	D
2724669754	D
196258115	D
992544591478915072	D
1911335244	R
874916178	R
236480864	R
2847730023	R
360704360	R
550644075	D
519989613	D
3214813552	R
262695291	D
55896443	D
1092757885	R
288811387	D
26487169	R
222308754	D
18622869	D
48802204	D
1140648348	R
86141342	D
24439201	D
773734641576607744	D
22686121	D
250784170	D
1380723121	D
27978179	D
1614440917	R
15837659	D
74820061	D
29469155	R
3401329126	D
239905257	D
603023855	D
20867568	R
4919978483	R
481438197	R
24504827	D
4837157373	D
233761277	R
1000192537292783616	R
14559745	D
803542854123470848	R
1012053668709875712	R
800178308499456000	D
947860819462668288	R
970154321907105792	D
260286984	D
814454909210804224	R
960312864673185792	R
955458554424541185	R
990206341674254337	D
1011291316364328961	R
27027979	R
73181712	R
27863582	D
113420831	D
111438370	R
20245031	R
3895421483	R
21768766	D
16116288	D
400828996	D
174893636	D
733047366	D
1017637447	D
822159944	D
14199378	D
1067182676	R
1966926421	D
908868842805481472	D
962654696778452992	D
822127086194348032	R
1011453632649318400	R
899172932592816128	R
1014139739740524544	D
927514706113417216	R
797201048490430465	R
801242932724584449	D
16378486	D
2652924536	D
2976655996	R
22129280	D
137407124	R
365308573	R
22342301	D
126528164	D
715164647352049665	D
832560178729984001	D
2616421033	D
20179628	R
420604589	D
943662567871803392	D
1032816957886623744	D
1068227125801447424	D
1082089232003297280	D
190360266	D
32189132	D
964723193612259328	D
149252816	D
1267133137	R
13920982	D
363784920	R
2848697050	R
950211150695690241	R
1085035964437688321	D
3111316189	D
969911887683973121	D
3307612897	D
1015184154919624704	R
2760878824	D
1856498408	R
3430787818	R
240790404	D
14412533	D
1330457336	D
46557945	D
2955668217	R
21572351	R
2343054080	D
455764741	R
218655499	D
1294560012	R
993534860886241280	R
224619289	D
43920155	R
1308846883	R
974498598	D
1013111569251819520	D
15985455	R
17787705	D
2167286587	R
614542142	D
825408035531190272	D
786965721167360000	R
768654603416170496	R
788732960002469888	R
754443500586987520	R
977152586200514560	R
760880653156089856	R
885854553970810881	R
415918946	R
1004172032051961856	R
1026289401545023488	D
2299833194	D
3181112174	R
18983793	R
20818801	D
937144255948111872	R
909033244829532160	R
976855617921990656	R
908069609474998272	R
432991098	R
816801235194048512	R
903325407923105792	D
956106930971439104	D
977877883803889664	D
1033459394346971136	D
875490794056151040	D
815607009001304064	D
972182810453831680	R
1000810870639915008	D
576646019	D
978876228282314754	R
865382122793693185	R
954858012300242945	D
1035047449818263553	R
902171089262047233	R
1079023802602975235	R
59157393	D
1064639634439892994	D
1032065019071131650	D
1070723633348308995	R
912483512195969027	D
944640919541870595	D
852218498159964164	D
940223288755843075	R
992519539073183749	D
996318905269448709	R
1040971778795991045	R
914644401791660037	R
1034088683673186308	R
983974673024249862	R
1037431025968836614	D
155642785	D
2754128804	D
917795062586765319	R
1071925918464176135	D
1017736077732442119	D
1061275490210721792	D
705497015594029056	R
823945423274414080	D
867442214389116938	R
24030132	R
1009516218112503819	R
26962875	D
233696188	D
20474813	D
26946495	R
37689091	D
1357917133	R
1009561458458415104	D
78408666	R
11856892	D
1406692351	R
1480240128	D
1071051924584071168	R
988765408428781568	D
1037140721910902784	D
221162525	R
4166593577	D
942431178073739264	D
1006083687476269056	R
929723174547263488	D
972784149034602496	D
1086021413335633920	R
1059759434090582016	R
984871381191004160	D
1057708079645626368	D
1064595993222615040	D
943551653134897153	D
967830125197824001	D
1071861813724221441	R
1071124329788772353	D
2361224263	R
7744592	D
3708595282	R
849456212	D
16018516	D
1126591573	D
1060584809095925762	D
937879749321461762	R
1059437232145129472	R
928632794019958786	D
1088243998513336322	R
946011974533550082	R
912059084760846338	R
1206283362	D
25504868	R
56749157	R
979102825	R
62811244	D
15854702	D
234826866	R
743795826	D
1044589630178287617	R
75754623	D
85634177	R
3302026384	D
950264434823278592	R
2851040408	D
2366598300	D
111897759	R
21228708	D
977843467819692033	R
2616290484	D
500378805	D
1554246877	R
46476526	D
50130164	D
992308471	R
3130617101	D
16051471	R
50769180	R
544910646	D
801320252	R
2756275520	D
986501344235159552	R
741675187700039680	D
744140913996267520	D
1012527327174000640	D
1073074227715047424	R
2752212295	R
1011761052915138560	R
77032777	D
1451617608	D
2870275420	D
1026698045029679105	R
1048366425906151425	R
14445926	R
27815271	R
14839147	R
9252212	D
900415823147413504	R
891437306166620160	D
1042492913245204480	D
852555971960483840	D
887085287867920384	R
881064140399423488	D
890993289029201921	D
878240755357298688	D
867896873981554688	D
1023641917148606465	D
1034188385999630337	D
884088294841233409	R
869292294779940865	R
1037332380481204226	D
879748715795427330	R
3311906186	D
18247062	R
26291614	R
22162854	D
23621030	R
1437986220	R
943828400	D
466152880	D
22031818	R
24653278	D
816833925456789505	D
359214564	D
2383818217	D
806006252	R
574696947	D
2674699763	R
2174873076	D
3108351	D
21982720	D
954393347967270912	D
873112094467538944	R
976987393105444864	D
903473339955527680	R
905886157220724736	D
921930215890206721	R
984506935851466752	D
932335588438556672	D
995122017853620224	R
978802569802792960	R
972149666623111169	D
15281676	R
851276721529667585	D
882264192878755841	R
878388861109387265	D
104132105	D
967513628218867714	D
1654500884	D
1134292500	D
22703645	R
990504772754063366	R
15134240	D
898954142886047744	D
964529579544195072	R
15724082	D
259534390	D
1090678328	R
364588601	D
711421500	D
2401578582	D
806186582	D
169586280	D
1240681	D
1048784496	R
294760054	D
989519308953997312	D
971492071981961216	D
1021543250631577600	D
1083883470726877184	D
959211913401061376	R
14429823	R
1043684844713267200	R
1019399901996896256	D
910547169488392192	D
21802627	R
39349894	R
2835754637	R
874753681	D
7597712	R
1042966402683097089	D
994527563346333697	R
1047250084751200257	R
1044079481424695297	R
922794040097206272	D
1064693414	D
954216104	R
914474728856997890	R
1030696066105200642	R
1055430322941239296	R
1066848195500744704	D
1062529984596713472	R
1078311625600442368	D
209792690	R
1075549304868216832	R
5336752	R
21425851	D
102919870	D
237842114	D
837004999	R
1064337399860350976	R
176336596	R
163589845	D
3089166038	R
19918558	D
1071354744956968960	D
16297707	D
17346287	D
292990703	D
249016054	R
203321081	D
12726012	R
1079643670918369280	R
15675138	R
23080711	D
34713362	D
808044997207408640	D
941243152366583808	D
1036853219778064384	D
958156523024171008	R
90484508	R
48459553	R
19197739	D
979154966513205249	R
740142908	D
98461086	R
16887628	R
14511951	D
1089510716908990464	D
1067953365517299712	R
799287405534736384	R
915717369208729600	R
1011401467780100096	D
945163927587090432	R
1078693601356509184	D
915483798015537152	R
947081404294328320	R
1045920233956012032	R
848271524658376705	R
1068877434878128129	D
929403471408885761	R
966351468537278465	R
1080569698536878081	D
940767290630565889	D
971387237211533313	D
723629054008659968	D
849368866505584641	D
1038558419677048833	R
3397873540	R
27701129	R
1047690136211935232	R
823192127899398146	D
828955832268242944	D
826436223996674048	D
798076883648868352	D
795598800404496384	R
54685596	R
2388684701	D
2532192163	D
37007274	R
810225832585297920	R
395603888	D
180350898	D
33222598	D
868167222014902273	R
269660105	D
901583756980518912	R
3226464204	D
187936720	R
952309601344606208	R
816508892	R
887320550	R
917491491546812416	R
5402612	D
1083272293692801024	R
836986475472269312	D
985115616548925440	R
854730550531239937	D
740904486881898497	R
1063085998425419777	D
957442091956645888	R
946201690906165248	R
880558318904803328	D
932114928655269888	R
1012141178253344768	D
1012429019411775489	R
1000338184264351745	R
996885774594342913	D
898188315593146369	D
982605943497162753	D
1084127271198306312	D
951556631275372546	R
868140483947659266	D
850809975073058826	R
970716252179136514	D
1080574793630527505	R
1061717455339483137	R
953641757585166336	R
1011569258684444672	R
893645771224035329	R
339669035	R
20508720	D
18018355	D
28723	R
34402366	R
123334719	R
894398534	D
806545992921321472	D
837823073575440384	D
760485356030595072	D
820151253468647424	D
21213276	R
48263269	R
136835174	D
143798379	D
1100116086	D
996327068223791104	D
1029925012671684608	D
134754431	D
1020326907684851712	D
759513430436876288	R
1039147097629515776	R
1077022362527195136	D
1093142195161391104	D
825067629467406336	D
752503860875235328	D
1014078544333246464	R
831554866707173376	D
782242717375926273	R
785705069203165185	D
415625348	R
931473535637131265	D
2855825548	D
833275773511274500	R
974651024572014593	D
1075403891343220737	D
3250434205	D
2195419296	R
260423814	D
940062430050127880	R
518254771	D
108376246	D
115749048	R
23130299	D
2458611906	D
23621827	D
14102732	D
45838551	D
48115928	D
3952292056	R
79743108	D
2872242391	D
272019676	D
46002396	D
996225248	D
502378721	D
224375015	R
470692075	R
458043631	D
26538229	R
93761782	D
19788027	D
1079802482640019456	D
1086325586627387392	D
940007118983389184	D
1010942697560072192	R
923543825280393216	D
954383157868093440	D
1078401427347857408	D
961791151920635904	D
974478692343865344	D
1080830346915209216	D
2243703040	R
92500224	R
61206798	D
1004006839296712705	D
1073577891345195009	D
958409530811080705	R
1090561124796456961	D
291369243	D
485994781	D
116011295	D
245412130	D
943638606543052802	D
1050441456966610944	R
965979074328965120	D
1083783655506489344	R
735611635419754496	D
1064491649080930304	D
1053628806538375168	R
997966181377159168	R
3930960192	R
1225814342	R
27881800	D
987149352949907456	D
964178640782143489	D
1081412026507898881	D
1060555363865505793	D
58208587	D
1076150906285109249	D
955278026710888449	D
901744904249978881	R
1041153766517551105	R
947138855479717889	R
3193418075	D
1021707264481210370	R
989317210463186946	D
1078623698591068162	R
1094712181017456642	D
3290132836	R
1604366701	D
83636590	D
190902644	R
391164277	D
44134773	D
70447484	R
1024294405207928835	D
123138559	R
1869296016	R
2464468742	R
1064794862967345152	R
1342861723	D
1390014882	D
30912937	D
1056010669	R
188936621	R
1454511	D
75690416	R
7713202	R
33386931	D
329150905	R
93876666	D
3303928256	D
4520703492	D
3291951562	R
16789970	D
184136149	R
50164186	D
1037325069331169280	D
1045776956225191936	D
1085452189169057792	D
1084912315538046976	D
115093990	D
1078952924867428352	R
1051431544542429184	D
96481773	D
1035966345924542464	D
796543854744928256	R
2248929769	D
348598778	D
883136693582397441	D
808841979962556417	R
801206864730013696	D
15446531	D
816760120650645504	D
831482588246196225	R
719888047005908993	D
3839472135	D
4498993673	R
823620158245715968	D
836258378162782209	D
818927131883356161	R
832088484240310273	D
814154197893529601	D
27882000	R
817050219007328258	D
18313747	R
826211537908023300	D
2956472856	R
257471001	R
76132891	R
326562333	D
1036845939498147840	D
45265448	D
303198762	R
47739450	R
1900507706	R
1014100544	R
54981191	R
21312077	D
800785673095553024	D
3424416333	R
785395016420106240	D
2964222544	R
58503762	D
853848660	D
2834592341	D
541848155	D
15987296	R
2733568609	D
73527908	D
208155240	R
3226628713	D
102871670	D
49001079	D
197948022	D
339702395	D
3133059709	R
4713394816	R
1067385216065359872	D
1051224178328621056	D
1079825653870907392	D
1023341998499975168	R
1041982639496777728	D
1051935478952251392	R
1093516825818583040	D
1057996894138290176	D
1083188334501842944	R
1021573553567584256	D
1027565482235154433	R
1030917521719709697	D
1034882086388125697	D
1041859378016440321	D
742212279920250881	R
742544839980371971	R
116683412	R
779023008	D
28652194	R
938609253719465984	D
2372121255	D
550007474	D
17134268	D
30929600	D
71627462	R
41005767	R
623833801	D
19608273	D
2957734609	R
210580181	D
936243925	R
44856023	D
2652910302	D
174895842	D
19608297	D
2696688369	D
795465464986161152	D
29405939	D
1651225333	R
1243902714	D
68062341	R
42300159	D
1150120711	D
40940302	R
15889166	R
1194160926	D
372536101	D
989066160552534016	R
975466115462770688	R
894429918854955008	R
1067972049153343488	R
898038890652549120	D
990018184290811904	R
316781372	D
113734460	D
3711628096	R
421327684	R
2315842376	D
68744021	D
50393960	D
322384747	D
783214	D
4861801332	R
288912257	D
1071209411031400448	R
18805644	R
188019606	D
321811350	R
1078854290058473472	R
4415124377	R
18772897	D
1048690691185041408	R
1080988456111800321	D
222622640	D
1078536107141283840	R
1090640755675283456	R
1035578272938115072	D
1036306518633791488	R
1032625692435988480	R
1037352541711941632	D
1042847794527125504	R
1052417025434370048	R
1075420208343465984	R
1068563383920803840	D
538211258	R
80638910	D
900527040	R
2962813893	R
34927577	R
67711966	D
60453854	D
4833604577	D
147649517	D
355365872	D
22705137	D
9532402	D
232305651	R
790897070014103552	D
821931686988513280	R
822871705777504256	D
821114560761462784	R
794351803261419520	D
756962149797363712	D
793317346718941184	R
746873420403605504	D
801079268797218816	D
822944689586339840	R
776588548539580417	R
731485202690768897	D
786932046253948930	R
794688356508663809	R
18510860	D
2210362384	D
1001544969906278400	R
16167957	D
732280278895321088	D
723201152058155008	D
15922214	D
115733549	D
36598831	D
2303751216	D
286503985	R
711094058161037313	D
624931898	R
2794632276	R
2762568789	D
84620376	R
91386979	R
115111016	D
843514844208926720	D
934978821429891072	D
963098333127610368	D
938169090992214016	R
976040609185239040	R
1016152497596108800	R
2573644921	D
738595484214792192	D
754083868106330112	R
1005985993269415937	R
827972697804017664	R
748253461125304320	R
708493805670928384	D
796800430202195968	D
803694179079458816	D
707608113562554368	D
735284753742467072	D
1000544364614094849	R
780807952307359745	R
825200917662175234	D
211530910	R
695448189399240710	R
121795745	D
7402662	D
18773159	R
2170696887	D
3096523974	D
415872198	R
30864583	R
84686025	R
886584528	D
829529955813896192	R
14251225	D
59159771	D
18019555	R
2996516074	D
461157611	D
1668527347	R
891532531	D
310310133	D
15463671	D
1061385474	D
803017539903029248	R
700689174907584512	D
887286910653038592	R
818706038014607360	D
1450472720	R
2662642961	D
47412499	D
1088390678868983808	D
1038649191466184704	R
222754089	D
376894779	R
56440142	D
39155029	D
4207961	D
1532736859	D
180974938	D
1099199839	D
510539104	R
3363386721	D
70765315	R
245478766	D
2305471855	D
1227863406	D
33600887	R
878692672566853632	D
945335940133814272	D
940462141169074176	R
975417333366784000	D
994165779368116224	R
959847026027528192	R
19674502	D
14529929	D
982381567707316224	R
496186761	D
1376646552	R
753782626880716801	D
935503289587728385	D
939494860461047809	D
151106990	D
2593535412	R
1007716032960659458	D
1074921734556405760	D
901135804633763840	R
1073002699111583744	D
264140224	D
39384517	R
2479904515	D
4183045577	D
1033788754194911233	D
961850702535380993	D
1074875593873739777	D
977651626130329601	D
247723476	R
169194976	R
415331817	R
4708808174	R
3374708206	D
2871358961	D
17495538	D
377419254	D
38516217	D
707854966501851136	D
1074498028642418688	D
1068135662635892736	D
1051065283576774656	R
727202127664300032	D
1077136265491955712	R
1078749802765139968	D
1049819373156876288	D
725785018640023552	D
263910917	D
1671771650	R
2379363848	D
1086742374930366465	D
1092063281580261377	R
1086460494930690050	D
1080222360643485698	D
1047362034067750914	D
1042833330608193538	R
2347562511	R
312800783	R
1094655548778266629	D
213906970	R
21313053	D
1059851655796146181	R
78050846	D
20117035	D
369505837	D
317896237	D
788032002394128384	R
923496554081734656	R
1080941062028447744	D
977033696162271232	D
893108095014064128	D
1089327099624738816	R
83932732	D
1024502874020171776	D
927949812447760384	R
939511763577524224	R
229930557	D
26146368	R
352548417	D
3282859598	D
965059182553649153	R
938836650368618497	D
990218923084795905	R
1088397257341325313	R
972605935574241281	R
1074375379194925057	D
1075415856832761857	D
239859293	D
20002401	D
997684836	D
2850895470	D
958169528919236608	D
75052666	D
1017061457832349696	D
898927309838667776	R
1057549178685935616	R
1034997887002791936	D
1001767702355038208	R
1058563851392700416	R
1022738728261832705	D
1041056373717389312	D
1000847359377461248	R
1084427033478746112	D
1047102661655318528	D
1070670677936492545	R
853171587427651585	R
843738882004799489	R
870757252126265345	D
1030968682577448961	R
1069243147232792579	D
170079893	D
817508922877767680	D
1043718799080345605	D
66369181	R
832419486	R
1011826687175061504	D
1017562809373061120	R
800670440553213952	D
1947301	D
101004977	R
28796289	D
2324149939	D
2303768244	R
20281013	D
66369206	D
480835255	R
1073799788062076929	R
112047805	R
1227880128	R
315913927	D
61863624	R
28178127	R
1043100629726580736	D
36452050	R
227555034	R
1035220145092927488	R
18020081	D
135575282	D
19576571	D
40302336	D
135362310	D
1036746712952578049	R
2596517640	R
22689545	D
872288123744657409	R
2244933387	R
44873497	D
44988185	D
76101406	R
9582372	R
807696164	R
2539845418	D
18216752	R
19068720	R
1652541	R
148453195	D
902288097454456832	R
23951197	R
2254518116	R
3066410859	R
1002057300830404609	R
988063552253542401	R
36681590	D
19658614	D
224294785	R
128235400	D
1291007880	R
1003348212919308288	R
20608910	R
1078692057940742144	D
191477653	D
148141974	R
31127446	R
14186393	D
21559198	D
14677919	D
362510239	D
1015100760252485633	D
1075904377221722113	D
1018988953331032064	R
1406646200	R
605026240	R
2964174789	R
64042956	R
574617558	D
1084740569178521600	D
1729984472	D
1072029006013349888	D
126171100	D
21329888	D
266975216	D
1045764855490367488	R
158414847	D
4812896255	R
809404694124756992	D
738717546187259904	D
798644273314988032	R
734092540488646656	D
828997388920619008	R
826043339837472768	D
832835889403461632	D
820691256502321152	R
833766968012505089	D
816030424778543104	D
806393375620530177	D
795726853805899777	D
823367015830323201	R
17971214	D
763565857599524864	R
42530827	D
794724772492017668	R
949646071730524160	D
474232856	D
983481230271410176	D
15923226	R
2752231454	D
590903329	D
71661601	D
753095281768534017	D
35829796	R
121550884	D
1011243627685863424	D
17643562	R
1028671920554868737	D
1071708204	R
16250929	D
726677556	D
24377405	D
129054787	R
3029071939	R
545699909	D
228259910	D
17004618	D
128645212	R
90077282	D
377534571	R
1268562032	D
414578809	D
174110843	D
748331990525480960	D
820182427700105216	R
806303087900037120	D
820217025268092928	R
3390814341	D
800707492346925056	R
3301013639	R
806128307716558850	D
160561302	D
3225751	D
56064154	D
2406529179	R
4864669851	R
2319186079	D
16578727	D
1080679201496281088	R
143603883	D
3703732396	R
19544241	R
60930231	D
28817592	D
601471161	D
19658936	D
2557507771	D
913344692300996608	R
911289336389361664	R
1024408560929792000	R
938242137837199360	D
938131779357171712	R
927935612593823744	D
1074389592999124992	R
974045496015773696	R
1047266086801039360	D
1003128663804665856	D
915031991057354753	D
14989516	R
868554803806392320	D
711613132649717761	D
934174883801653249	D
915589930092519425	D
1060879655811604481	D
984066630295674881	D
935960812656713729	D
1032652614675128321	D
975505688209317889	R
20150502	D
1058725866899955714	R
979270812468436994	R
1033897524979937280	D
843516941507604480	R
1062966548317450240	D
1022328366895050752	R
1077233529694564352	D
1080667695417241600	D
1079926355775565824	R
22771961	D
1079607048143220737	D
15448332	R
253442319	R
1338915102	R
365492510	D
1071102246	D
1909307688	R
25344296	D
4584143172	D
4777572676	D
853608356707172352	D
3048487248	D
18889053	R
785414496	D
127121768	D
2895296882	D
885278676857892864	R
850874132199878656	R
1042786138002534400	D
1433368946	R
78002555	D
12859772	D
113047940	R
1332738440	D
14268812	D
440465804	D
361216401	D
237418907	R
470792609	D
798586448358309888	R
180107694	D
2800581040	D
342981070	R
3064281551	D
21674448	D
16529873	R
812661204	D
266090983	D
3239262698	R
83032558	R
20609518	D
110541296	R
834566642	D
587741692	D
1085281008436592640	R
402029058	R
1087340256041582592	R
1062902039401938944	D
1092809088872955904	D
1074043451593932800	D
1076492354956247040	R
1082474394184794112	D
1080292515939565568	D
1062322169533906944	D
1070593543826259969	R
1071931538965741569	D
1086142546210930689	D
928957990949888000	R
785647367890411520	D
765859837783580672	D
1061310112013434882	D
1058282892705611778	D
1068911864447451138	D
1085579275451973635	D
1082824885666267140	D
1074291894916694021	R
1067748650485497862	D
1090712428743180294	R
4894095909	D
4898798119	R
891841462895124481	R
1062626662213398528	D
20265517	D
122174004	D
20642356	D
20855352	R
1154251333	D
191314515	D
16955991	D
242367064	D
15399512	D
941711607922642944	R
871284220831944704	D
960060745781301248	R
1005645841040887808	R
945538371035811840	D
963442791874514944	R
50756185	D
848204127121395712	R
963422783819698176	R
19216998	R
24672871	D
142490217	R
1623308912	R
846863644205993985	R
847045522317725696	R
754286796201086976	R
236960387	R
824856094619029504	D
104299137	R
201079432	R
760516442911547392	D
796493339344379904	D
797118076831539200	R
18217624	R
48029066	R
1062145807753928704	D
929540896336556032	D
129890995	D
278985399	D
1046216701652561920	R
1052205600124235776	R
1016567267289526272	R
27048645	R
1011096971791101952	R
2196159175	D
17070787	R
948956598168252416	R
14662354	R
15727317	D
828504794	D
6519522	R
116341480	R
346946284	D
880597303001829376	R
35027698	D
146569971	D
1088302110976831490	D
893221620	R
395737848	R
995425594878889984	D
226196228	R
132201224	D
2520595213	R
355597071	R
76348185	R
323140379	D
328579877	D
933617561597632512	R
21363507	R
2670492474	R
16333633	D
818876014390603776	R
809377074666467328	R
3630725954	R
991418788359831552	R
958688715739627520	D
28785486	R
17513304	R
15874918	D
339852137	D
811639354649169921	D
977614491612565504	R
21363569	R
954179483052916736	D
982319892014678016	R
2770893690	D
3008084864	R
195279751	R
236026761	D
4904565647	R
31194003	R
1058585170150912000	D
15334310	D
4664032168	R
728318535433228288	R
826313385918631936	R
21870081	D
100907962	D
2815851452	D
3062610877	D
167197632	D
27311044	R
17906632	D
131546062	R
4274093008	D
31128529	D
288308178	R
2312829909	R
486210520	D
489176027	D
1059240924	R
3306372063	D
917419141916712960	D
236780529	R
48086014	D
1049959524784898048	D
1089527395932143616	D
863450215256391680	R
1083469084648505344	R
813937459885211648	R
860520678801506304	R
1028699092443168768	R
793187235256565760	D
789985175740579840	R
1035639124273889281	D
767283672403902466	R
1063083481243287553	D
1090272920021204993	D
1079724074941775873	D
855482971868069890	D
1089632124053979138	D
1085405761109458946	D
1064675423248941058	D
886919245103333378	D
1092980706018557956	D
1083024130914615299	D
1076141507680370691	D
855881802900275203	R
802343510997434372	D
892793968685187076	D
1085208242526060549	D
1093695916094226437	D
1081965891569549316	R
893098164336689157	D
859814845503471621	D
815624530332975109	R
54885400	R
441007143	R
1056809276222640128	D
953801135277641728	D
1068481578	D
954300506528190464	D
1049487163295961088	D
1001956257463439360	D
24493104	R
922590111723851776	R
1005531545342480384	D
1085629742546440192	R
83901492	D
168295477	D
89308215	D
86129724	D
1058342789732274177	R
1013491066480267265	R
1056926573541101569	D
237403203	R
131497030	D
111606860	R
34274380	R
72596562	D
1636662355	R
164412502	D
930945832555286530	R
1021429357879922690	D
866422959799361536	R
902997124433928192	D
1058903398601285632	R
45399148	D
330120300	D
14597239	D
960651485557043200	D
780190827507101696	D
3234167958	R
19397785	D
949271706	D
188857501	D
15416505	R
11680962	D
108985543	D
854994897941692416	D
875904671516418048	D
852935795849781248	R
21134564	R
14007532	D
29293808	D
355482865	R
580730104	D
108494073	D
574405888	R
205864193	D
701725963	D
16170253	D
572226833	D
126434587	D
235224358	D
126401831	R
4898091	R
920924513109344256	D
1015800702948409344	R
974115770081804288	R
1070905030310428672	R
838596596728135680	D
37764422	R
943281382477856768	D
1037903278963490816	D
1020089589778677760	R
16792903	D
19725644	D
18791763	D
237944147	R
1006151031313403904	R
102055261	D
968660486517489665	D
139738464	D
4185668961	R
934384191948521473	R
18873711	D
1374551407	D
2548890996	D
16072058	R
587788594	R
144817544	D
2975350155	D
547962269	R
1184529828	D
20561325	R
1456111027	D
609320380	D
16006592	D
297532865	D
1320975812	D
801992498298159104	R
22396371	D
17006036	D
15513604	R
1063800088630198272	D
14384603	D
184860130	D
317980134	R
27901418	D
19021297	R
885702139	R
122207745	R
842574068226441216	D
846948086073245696	D
3348577799	D
350420508	R
2947857950	D
14695985	D
1093090866	D
35143218	D
76086833	R
3981573682	D
4582145595	D
106135104	R
830830650261372928	R
735133260	R
17006157	R
1080695666760929280	D
14515799	D
61734492	D
2798026344	D
34340464	R
991925324672913408	R
1041545138517037056	R
933109883741917184	R
992856617866743808	R
1037885174351122432	D
1057335570714841088	D
963267935262461952	R
886053957793075200	D
1005740190663692288	D
1053529444617539584	D
873818890706472960	D
993509541777100800	R
2475802243	R
896419621913350144	D
883832142836387840	R
1001996706488111105	R
22789766	D
878322688300797953	D
397196939	R
426802833	D
979740822093680641	D
975976643331346433	R
1084539347016339457	D
15695513	R
29458079	R
2419965601	D
1146896042	R
84655786	R
103087786	D
1021966403547680770	R
1061547379063693312	R
1075119539975790592	D
3870424753	R
26820275	R
57065141	D
389840566	D
59031230	D
85606078	R
1064206014	D
1091551247667208193	D
23232204	D
17546958	R
2723102434	D
9567972	D
15433452	R
3229531886	R
3002023666	R
292929271	R
2795667191	R
559202041	D
49204865	D
1152499454	D
99778302	D
16613128	R
14434063	D
967656573958082560	D
479674626	R
712507169	R
18956073	R
2993192746	R
85131054	D
3048128307	R
1405337395	D
168673083	D
1375289149	D
257457992	R
288751432	D
819642186	R
1573355336	D
1035451137753796608	R
91684695	D
19611483	R
2271084384	D
979585779507884032	D
900035264780922880	R
1020326691145740288	R
1052850845350588416	R
300269410	D
902494496885272576	R
853592618298732544	R
726421895424434176	R
1056608940581117952	D
988482752621277185	D
943923350346362881	D
1077910006387929089	D
1008372790679007233	D
1080253081789624321	R
1046774865360023553	R
1003001170980466689	R
809505942186455041	D
1021970558320340993	R
950394410520506369	D
19070844	D
352534407	D
14335880	D
1526562697	R
27688846	D
50446226	D
980588888396910592	D
36683668	R
979414884051021826	R
962825743964270594	D
949298448146329602	D
84541344	D
1076889271171145728	R
913101299029291009	R
959579419571642368	D
877887973362151424	R
245252013	D
837326818927591425	D
35110833	D
216776631	D
519618495	D
257785797	D
26083271	D
929355502055718912	D
2953494478	R
334053327	R
925062895351812096	R
217300948	R
431996890	D
42958829	D
246939630	D
181764078	R
994767918733938688	D
14499829	D
